idCliente,NomeCliente,ValorAtivo
1,Anacleto,109745.9976196289
2,Braulio,257678.9981842041
3,Concely,1154581.9931030273
4,Divaneide,970140.9927368164
